text,tweets_transform,polarity,subjectivity
No te pierdas el Episodio 47 de Tu Podcast Charlas iOS. Disponible ya en tu aplicaci√≥n de Podcast favorita. Esta ve‚Ä¶ https://t.co/9NuqPCLQY7,pierdas Episodio 47 Podcast Charlas iOS  Disponible aplicaci√≥n Podcast favorita  ve,0.45,0.7
#Finanzas | #Apple retir√≥ los t√≠tulos de #EpicGames de su App Store despu√©s de que el fabricante de videojuegos vio‚Ä¶ https://t.co/peSMuIB0sH,Finanzas Apple retir√≥ t√≠tulos EpicGames App Store despu√©s fabricante videojuegos vio,-0.4,0.4
Amigos de @LaCondesa_ el lunes tenemos oferta para #Apple es tiempo de actualizar,Amigos  lunes oferta Apple tiempo actualizar,0.0,0.0
"Contamos con la m√°s alta tecnolog√≠a para la reparaci√≥n de tus equipos. 

Total Repair es tu soluci√≥n. 

Haz tu cita‚Ä¶ https://t.co/Tm1scnhhTO",Contamos alta tecnolog√≠a reparaci√≥n equipos  Total Repair soluci√≥n  Haz cita,0.08,0.645
"üéÆüìºüòØ #Las3Claves de fin de semana: #Microsoft apoya a Epic Games contra #Apple, #Tiktok demandar√° al gobierno de Tru‚Ä¶ https://t.co/Dj87ROQP9X",Las3Claves fin semana  Microsoft apoya Epic Games Apple  Tiktok demandar√° gobierno Tru,0.1,0.4
#eldato #Argentina vale un cuarto de lo q vale #apple feo #PPTBox #Argentinita https://t.co/QIGJfYMFVI,eldato Argentina vale cuarto q vale apple feo PPTBox Argentinita,-0.033333333333333326,0.39999999999999997
"#Macworld 2001 #SF #PowerBookG4 #Titanium Intro https://t.co/S1hjORxsuv via @YouTube ‚ù§Ô∏è

#Apple #Mac #Macnotebook‚Ä¶ https://t.co/Pp7s01CX8i",Macworld 2001 SF PowerBookG4 Titanium Intro via Apple Mac Macnotebook,0.0,0.0
Apple retrasa lanzamiento del iPhone 12 y confirma que ser√° hasta oto√±o. via @https://twitter.com/OnliHype‚Ä¶ https://t.co/IJRScmVoVa,Apple retrasa lanzamiento iPhone 12 confirma oto√±o  via  twitter  com OnliHype,0.0,0.0
"Invito a todos a visitar mi canal de YouTube en mi perfil pueden entrar üíØüî•üòè.
#youtube #apple #samsung #youtuber",Invito visitar canal YouTube perfil pueden entrar  youtube apple samsung youtuber,0.0,0.0
#EstaSemanaEnPSN La empresa estadounidense Apple Inc. se convirti√≥ en la m√°s valiosa en el pa√≠s al alcanzar un valo‚Ä¶ https://t.co/K13opRiYjI,EstaSemanaEnPSN empresa estadounidense Apple Inc  convirti√≥ valiosa pa√≠s alcanzar valo,0.0,0.0
SE FILTRA: Un prototipo que nuca sali√≥ de #Apple es es una #Mac Mini con conexi√≥n Dock para 30 pins del #iPod esto‚Ä¶ https://t.co/0N1skfpse9,FILTRA  prototipo nuca sali√≥ Apple Mac Mini conexi√≥n Dock 30 pins iPod,0.0,0.0
"#Microsoft amenaza a #Apple: acumula enemigos y posibles p√©rdidas https://t.co/L84NarHhCV
#AppleStore #EpicGames https://t.co/IT6cQDrf1k",Microsoft amenaza Apple  acumula enemigos posibles p√©rdidas AppleStore EpicGames,0.0,1.0
"Iphone Junin¬†
¬†üì≤|  Equipos Nuevos con 12 meses de garant√≠a #Apple. 
¬†üì≤| Equipos usados de Exposici√≥n
‚åöÔ∏è| Incorporam‚Ä¶ https://t.co/WBK6wYpaLo",Iphone Junin Equipos Nuevos 12 meses garant√≠a Apple  Equipos usados Exposici√≥n Incorporam,0.13636363636363635,0.45454545454545453
"CONFIGURACI√ìN iPad Pro 2020 + Magic ¬øEs Buena ELECCI√ìN? 
#apple #Ipadpro2020 #magicmouse2
https://t.co/3az58YkVN2
L‚Ä¶ https://t.co/pnBwjRsqfX",CONFIGURACI√ìN iPad Pro 2020 Magic Buena ELECCI√ìN  apple Ipadpro2020 magicmouse2 L,0.6,0.8
@Lucasolmedo_k El capitalismo no va mas. Aguante el che. Abajo el capi. Cuba el mejor pais. Quiero ser como venezue‚Ä¶ https://t.co/ihwHufPIVc,k capitalismo va mas  Aguante che  Abajo capi  Cuba mejor pais  Quiero ser venezue,0.2814814814814815,0.42962962962962964
"vamos a darle ca√±ita!!! torneito FREEFORTNITE https://t.co/Bx1HspQS45 
#FreeFortnite #Fortnite
#Apple",vamos darle ca√±ita torneito FREEFORTNITE FreeFortnite Fortnite Apple,0.0,0.0
"#Apple confirma el retraso de los #iPhone 12

https://t.co/2cdwOSSh0O",Apple confirma retraso iPhone 12,0.0,0.0
#Apple lanza un nuevo desaf√≠o para los usuarios de China https://t.co/eqVOSFbl8B via @josmamu #Mac #ios https://t.co/kVt67KT4iz,Apple lanza nuevo desaf√≠o usuarios China via Mac ios,0.06818181818181818,0.22727272727272727
Interensante episodio con ‚Å¶@volkan68‚Å© platicando sobre #Chrome #chromebook y todo sobre estos dispositivos y sistem‚Ä¶ https://t.co/XaiycQ3Ak5,Interensante episodio platicando Chrome chromebook dispositivos sistem,0.0,0.0
"@Col_NativitasDF el lunes le toca oferta para reparar,actualizar, o limpiar por dentro tu #laptop o #PC de la marca #Apple",NativitasDF lunes toca oferta reparar  actualizar  limpiar dentro laptop PC marca Apple,0.3666666666666667,0.7000000000000001
"#UnrealEngine podr√≠a perder su soporte en iOS y macOS debido al pleito entre #Apple y #Epic
üëáüò±‚öîüÜöüçé
https://t.co/0kzb13ERDD",UnrealEngine podr√≠a perder soporte iOS macOS debido pleito Apple Epic,-0.012499999999999995,0.3875
El gran error de #Apple: #Microsoft tambi√©n apoya a #EpicGames https://t.co/3c3M1xd2dW,gran error Apple  Microsoft apoya EpicGames,0.0,0.1
TecnoCodePlus Podcast donde hablamos de Tecnologia y Cultura Geek en CUBA üö®Suscribete a mi #podcasts en... #Apple‚Ä¶ https://t.co/nwAEA26cJe,TecnoCodePlus Podcast hablamos Tecnologia Cultura Geek CUBA Suscribete podcasts  Apple,0.0,0.0
El iPhone 12 se presentar√≠a el 10 de septiembre: todos los rumores! #Apple #iPhone12 #iphone Leelo en:‚Ä¶ https://t.co/FlfBoVYh9W,iPhone 12 presentar√≠a 10 septiembre  rumores Apple iPhone12 iphone Leelo ,0.0,0.0
"Nuevo #iPhone para Octubre, #Apple Watch y iPad en Septiembre https://t.co/GKzAvvKuvY #applewatch",Nuevo iPhone Octubre  Apple Watch iPad Septiembre applewatch,0.13636363636363635,0.45454545454545453
"Ya est√° disponible la segunda parte del Podcast junto a @soriano_tech NO TE LA PIERDASüòé
‚¨áÔ∏è‚¨áÔ∏è‚¨áÔ∏è‚¨áÔ∏è‚Ä¶ https://t.co/VpwzF1VGAZ",disponible segunda parte Podcast junto tech PIERDAS,0.2,0.2
Es normal que mi iPhone a 8 meses de usado la condici√≥n de la bater√≠a sea 92%? #iPhone #Apple #chile,normal iPhone 8 meses usado condici√≥n bater√≠a 92  iPhone Apple chile,0.15,0.6499999999999999
Mendigos se pasan y yo q creei q daban buen servicio #apple https://t.co/jn0DJGhmX4,Mendigos pasan q creei q daban buen servicio apple,0.7,0.6000000000000001
#freefortinite ya mugre #apple la verdad chinga a toda tu reputisimamadre cada que respires ya pon el fortnite que‚Ä¶ https://t.co/2CPX5HpF4P,freefortinite mugre apple verdad chinga toda reputisimamadre cada respires pon fortnite,-0.025000000000000026,0.625
"El camino de innovaci√≥n, disrupci√≥n y liderazgo de #Apple para alcanzar la valuaci√≥n de mercado de 2 mil millones d‚Ä¶ https://t.co/WjOpmYqRZQ",camino innovaci√≥n  disrupci√≥n liderazgo Apple alcanzar valuaci√≥n mercado 2 mil millones d,0.0,0.0
Vecinos de @VillacoapaMX tiene alguna computadora #Apple tenemos promo para repararla #Optimiza,Vecinos alguna computadora Apple promo repararla Optimiza,0.0,0.0
"Viernes de escuchar m√∫sica para andar alegres 

https://t.co/q23RFU45Fl  

#mexico #musica #apple #sinaloa‚Ä¶ https://t.co/l3JjzIooqP",Viernes escuchar m√∫sica andar alegres mexico musica apple sinaloa,0.8,1.0
"Iphone Junin¬†
¬†üì≤|  Equipos Nuevos con 12 meses de garant√≠a #Apple. 
¬†üì≤| Equipos usados de Exposici√≥n
‚åöÔ∏è| Incorporam‚Ä¶ https://t.co/lNza3qxnLN",Iphone Junin Equipos Nuevos 12 meses garant√≠a Apple  Equipos usados Exposici√≥n Incorporam,0.13636363636363635,0.45454545454545453
"Nada que me ate 
As√≠ puedo con to‚Äô
.
.

#procreate #photoshop #draw  #ilustracion #illustration #drawing‚Ä¶ https://t.co/bjK7RiF5Hc",ate As√≠ puedo to   procreate photoshop draw ilustracion illustration drawing,0.0,0.0
@MARCIANOPHONE ü§£ü§£ü§£ü§£ SER√Å XQ #Microsoft INVIRTI√ì MUCH√çSIMO DINERO EN FORNITE X LAS GANANCIAS Q GENERABA CON #APPLE Y‚Ä¶ https://t.co/TlVWu8gCjo,XQ Microsoft INVIRTI√ì MUCH√çSIMO DINERO FORNITE X GANANCIAS Q GENERABA APPLE,0.0,0.0
"#freefortnite mari√°n toma el mando, vente a saludar un ratiquin https://t.co/AnHW5fKtmD
#apple #fortnite #cup‚Ä¶ https://t.co/BqIRiAcYXy",freefortnite mari√°n toma mando  vente saludar ratiquin apple fortnite cup,0.0,0.0
"¬øQui√©n compra Macs hoy en d√≠a?
#Apple https://t.co/TXoUwzvpU1",Qui√©n compra Macs hoy d√≠a  Apple,0.0,0.0
"Viendo los √∫ltimos modelos de @SamsungMobile y sus precios tan altos, no ser√≠a mala idea trabajar en diferenciarse‚Ä¶ https://t.co/uft7kFWir6",Viendo √∫ltimos modelos precios tan altos  mala idea trabajar diferenciarse,-0.013333333333333272,0.7022222222222222
"""Es que t√∫ apoyas #Apple por qu√© tienes un #iPhone""... Pendejos, tengo un #Galaxy, solo soy sincero conmigo mismo", apoyas Apple iPhone   Pendejos  Galaxy  solo sincero conmigo mismo,0.6,0.9
Subiendo a YouTube la segunda parte del Podcast en video junto a @soriano_tech    #Apple #podcast #entrevista‚Ä¶ https://t.co/KLG7E3Ncfn,Subiendo YouTube segunda parte Podcast video junto tech Apple podcast entrevista,0.0,0.0
Apple Music agrega 2 estaciones de radio https://t.co/4ls9kfUW5Z  #EstacionDeRadio #Radio #radiostation #beat‚Ä¶ https://t.co/r3RjDjdnlV,Apple Music agrega 2 estaciones radio EstacionDeRadio Radio radiostation beat,0.0,0.0
Despu√©s de algunas partidas consegu√≠ el #1 #FREEFORTNITECUP #FreeFortnite luchando contra lo que un d√≠a juro #apple destrozar.,Despu√©s partidas consegu√≠ 1 FREEFORTNITECUP FreeFortnite luchando d√≠a juro apple destrozar ,0.0,0.0
@VendoCDMX les comentamos que el proximo lunes tocara cualquier PC de escritorio #Apple en promo para repararla,comentamos proximo lunes tocara cualquier PC escritorio Apple promo repararla,0.0,0.0
ü§£ü§£ MALAS INVERSIONES X PARTE DE #Microsoft ü§£ü§£ ahora q no tienen la gallina de los huevos de oro ( #Apple ) https://t.co/drH7TTlRi4,MALAS INVERSIONES X PARTE Microsoft ahora q gallina huevos oro  Apple ,-0.6999999999999998,0.6666666666666666
#Tecnolog√≠a  |  Videojuegos de #Microsoft se ver√°n afectados por anuncio de #Apple sobre #Fortnite ‚ñ∫‚Ä¶ https://t.co/A7OJj1oPks,Tecnolog√≠a Videojuegos Microsoft ver√°n afectados anuncio Apple Fortnite,0.0,0.0
#6 #LoM√°sVistoDelD√≠a Microsoft se posiciona a favor de Epic Games en su disputa legal con Apple #Apple #EpicGames‚Ä¶ https://t.co/ho21n1arL0,6 LoM√°sVistoDelD√≠a Microsoft posiciona favor Epic Games disputa legal Apple Apple EpicGames,0.26666666666666666,0.3666666666666667
Os dejo un adelanto en EXCLUSIVA de los primeros 28 segundos del podcast donde explico la nueva app de #RadarCOVID‚Ä¶ https://t.co/VyK8Fa8F94,dejo adelanto EXCLUSIVA primeros 28 segundos podcast explico nueva app RadarCOVID,0.19318181818181815,0.3939393939393939
"El 23 de agosto de 2002, Apple lanza Mac OS X version 10.2 ‚ÄúJaguar‚Äù es la tercera versi√≥n del Mac OS X, el sistema‚Ä¶ https://t.co/SFsFFxxwHn",23 agosto 2002  Apple lanza Mac X version 10  2 Jaguar tercera versi√≥n Mac X  sistema,0.0,0.0
"üö®üö®üö® Uno de los mejores #podcasts y que mas se escucha en la Isla de Cuba, tambien debatimos sobre el mundo de‚Ä¶ https://t.co/7RxCqgY2YQ",mejores podcasts mas escucha Isla Cuba  tambien debatimos mundo,0.75,0.4
"Contin√∫a dando de qu√© hablar la pelea entre #EpicGames y #Apple, ahora con un nuevo aliado para los de‚Ä¶ https://t.co/HZZTpy56Xs",Contin√∫a dando hablar pelea EpicGames Apple  ahora nuevo aliado,0.13636363636363635,0.45454545454545453
Hay gente que le chupa tanto el pico a #Apple y una gran falencia de una funci√≥n que quiz√°s no todos ocupan es tan‚Ä¶ https://t.co/63782G0Grz,gente chupa pico Apple gran falencia funci√≥n quiz√°s ocupan tan,0.8,0.75
"Grandes minoristas y gigantes tecnol√≥gicos, ganadores ante el covid en el segundo trimestre! #Amazon #Walmart‚Ä¶ https://t.co/efKBD9aARD",Grandes minoristas gigantes tecnol√≥gicos  ganadores covid segundo trimestre Amazon Walmart,0.0,0.3666666666666667
Los editores de varios diarios piden a #Apple que revise su pol√≠tica comercial.  Lo acusan de limitar su acceso al‚Ä¶ https://t.co/1w8pFslhv4,editores varios diarios piden Apple revise pol√≠tica comercial  acusan limitar acceso,0.0,0.0
Amigos de @ColoniaEscandon el lunes tenemos oferta para PC #Apple es tiempo de actualizar,Amigos lunes oferta PC Apple tiempo actualizar,0.0,0.0
El apoyo de #Microsoft a #Epicgames parece mas una reaccion a la negativa de #xCloud por parte de #Apple https://t.co/1vHauBakOT,apoyo Microsoft Epicgames parece mas reaccion negativa xCloud parte Apple,0.1,0.45
"Alexa, Google Assistant, Siri... Te contamos lo que debes saber sobre los mejores asistentes de voz hoy en d√≠a:‚Ä¶ https://t.co/Ti3d6qlHFA",Alexa  Google Assistant  Siri  contamos debes saber mejores asistentes voz hoy d√≠a ,0.5,0.5
"Fortnite tendr√° torneo con skins de su disputa con Apple, y adelanta su nueva temporada de Marvel que ya no se podr‚Ä¶ https://t.co/bFuZZAlTmt",Fortnite torneo skins disputa Apple  adelanta nueva temporada Marvel podr,0.13636363636363635,0.45454545454545453
"#LoMasLeido #iPhone 12 filtrados #Apple

https://t.co/tSEi2cMRW0",LoMasLeido iPhone 12 filtrados Apple,0.0,0.0
El CEO de #Coinbase dice que #Apple sigue siendo hostil hacia las #criptomonedas. Brian Armstrong tuite√≥ que Apple‚Ä¶ https://t.co/VTkDZpqxuJ,CEO Coinbase dice Apple sigue siendo hostil hacia criptomonedas  Brian Armstrong tuite√≥ Apple,0.0,0.0
"#Microsoft apoya a Epic Games en los tribunales contra #Apple, alegando que el unreal engine de Epic games es neces‚Ä¶ https://t.co/GZRkzmVF7J",Microsoft apoya Epic Games tribunales Apple  alegando unreal engine Epic games neces,0.1,0.4
"20 fundas protectoras para tus Airpod y Airpods Pro. https://t.co/nyKEYaMcPa 

#apple #airdpods #fundas #jordan‚Ä¶ https://t.co/a4IPGfKirw",20 fundas protectoras Airpod Airpods Pro  apple airdpods fundas jordan,0.0,0.0
Exclusivamente para chavista pendejos #chavista #mariosilva #apple #venezuela #DICTADURA #maduro #Canaima https://t.co/AVTDhx6HFL,Exclusivamente chavista pendejos chavista mariosilva apple venezuela DICTADURA maduro Canaima,0.1,0.1
Muy decepcionado con @apple. Muchos #MacBookPro con pantalla #retina tienen #problemas y salen manchas verdes que n‚Ä¶ https://t.co/ejdWSlJcMb,decepcionado  MacBookPro pantalla retina problemas salen manchas verdes n,-0.475,0.525
"Este lunes podras reparar esa #MAC lenta, quieres Manto. Preventivo tiene problemas que dan lata a tu #Apple",lunes podras reparar MAC lenta  quieres Manto  Preventivo problemas dan lata Apple,-0.30000000000000004,0.39999999999999997
"üíªToda la linea de Apple Macbook üçé
üíªPolidori Computaci√≥n
‚úîM√°s ofertas en:
üì∑ Instagram: @horaciopolidori
üö©Villa Ca√±√°s‚Ä¶ https://t.co/WfG2IlMfKB",Toda linea Apple Macbook Polidori Computaci√≥n ofertas  Instagram  Villa Ca√±√°s,0.1,0.0
üíª#Tecnolog√≠a | #Microsoft advierte que su negocio de videojuegos se ver√≠a afectado por la amenaza de #Apple de deja‚Ä¶ https://t.co/wD1Aeth2Ue,Tecnolog√≠a Microsoft advierte negocio videojuegos ver√≠a afectado amenaza Apple deja,-0.4,0.4
"Festejan los muchachos de las tecnol√≥gicas. Que gran a√±o para las big tech so far. 
#amazon #apple #tesla #google‚Ä¶ https://t.co/cBmLWyhxf0",Festejan muchachos tecnol√≥gicas  gran a√±o big tech so far  amazon apple tesla google,0.03333333333333333,0.39999999999999997
Sos #fandroid ac√©rrimo hasta que te compr√°s una de estas. Fue un genio Stive üí™ #apple #ipad2020 https://t.co/qibTNMpBIU,Sos fandroid ac√©rrimo compr√°s  genio Stive apple ipad2020,0.0,0.0
"El titan de #Microsoft se une a la disputa entre #Apple y #Epicü§Ø

https://t.co/UEMZFjMoEk",titan Microsoft une disputa Apple Epic,0.0,0.0
"#Apple cierra temporalmente sus tiendas en Madrid ante el aumento de los rebrotes de coronavirus
Los cierres de sus‚Ä¶ https://t.co/QFrz0Fa2CD",Apple cierra temporalmente tiendas Madrid aumento rebrotes coronavirus cierres,0.0,0.0
Videojuegos de Microsoft se ver√°n afectados por decisi√≥n de Apple contra creador de 'Fortnite' #apple #microsoft ht‚Ä¶ https://t.co/kR56V1Y19b,Videojuegos Microsoft ver√°n afectados decisi√≥n Apple creador  Fortnite  apple microsoft ht,0.0,0.0
"üçé#Apple cerrar√° temporalmente sus cuatro tiendas de Madrid por el coronavirus

https://t.co/D8tgD13oZv",Apple cerrar√° temporalmente cuatro tiendas Madrid coronavirus,0.0,0.0
macOS Big Sur beta 3 y todas sus novedades https://t.co/LSuuLAIo5c via @josmamu #Apple #Iphone https://t.co/PMzJGtwsbt,macOS Big Sur beta 3 todas novedades via Apple Iphone,0.0,0.1
"ASISTENCIA 24/7 #WFH
REPARACI√ìN #PC #Mac
REMOTO/HOGAR/OFICINA
INSTANT #COMPUTER #REPAIR
üá™üá∏üá¨üáßTel: 692500286 #Madrid‚Ä¶ https://t.co/wtk1yhncZO",ASISTENCIA 24 7 WFH REPARACI√ìN PC Mac REMOTO HOGAR OFICINA INSTANT COMPUTER REPAIR Tel  692500286 Madrid,-0.05,0.43333333333333335
"ASISTENCIA 24/7 #WFH
REPARACI√ìN #PC #Mac
REMOTO/HOGAR/OFICINA
INSTANT #COMPUTER #REPAIR
üá™üá∏üá¨üáßTel: 692500286 #Madrid‚Ä¶ https://t.co/kNtkchW9kn",ASISTENCIA 24 7 WFH REPARACI√ìN PC Mac REMOTO HOGAR OFICINA INSTANT COMPUTER REPAIR Tel  692500286 Madrid,-0.05,0.43333333333333335
"ASISTENCIA 24/7 #WFH
REPARACI√ìN #PC #Mac
REMOTO/HOGAR/OFICINA
INSTANT #COMPUTER #REPAIR
üá™üá∏üá¨üáßTel: 692500286 #Madrid‚Ä¶ https://t.co/mXXOYEfSpp",ASISTENCIA 24 7 WFH REPARACI√ìN PC Mac REMOTO HOGAR OFICINA INSTANT COMPUTER REPAIR Tel  692500286 Madrid,-0.05,0.43333333333333335
"ASISTENCIA 24/7 #WFH
REPARACI√ìN #PC #Mac
REMOTO/HOGAR/OFICINA
INSTANT #COMPUTER #REPAIR
üá™üá∏üá¨üáßTel: 692500286 #Madrid‚Ä¶ https://t.co/VJO8pFsypX",ASISTENCIA 24 7 WFH REPARACI√ìN PC Mac REMOTO HOGAR OFICINA INSTANT COMPUTER REPAIR Tel  692500286 Madrid,-0.05,0.43333333333333335
"ASISTENCIA 24/7 #WFH
REPARACI√ìN #PC #Mac
REMOTO/HOGAR/OFICINA
INSTANT #COMPUTER #REPAIR
üá™üá∏üá¨üáßTel: 692500286 #Madrid‚Ä¶ https://t.co/q2QAvtdLmP",ASISTENCIA 24 7 WFH REPARACI√ìN PC Mac REMOTO HOGAR OFICINA INSTANT COMPUTER REPAIR Tel  692500286 Madrid,-0.05,0.43333333333333335
"Siendo online, no veo el motivo por el cual #Apple haga su evento un Jueves, como parece ser, ya q avisaron un stre‚Ä¶ https://t.co/mU0iVNLF18",Siendo online  veo motivo Apple haga evento Jueves  parece ser  q avisaron stre,0.0,0.0
üéôüéôüéôTecnoCodePlus Podcastüéôüéôüéô üö®Suscribete y Siguenos en üëáüèºüëáüèºüëáüèº #Apple #Podcast üëâüèª https://t.co/3QYUAdy5SF üîúTelegram‚Ä¶ https://t.co/HRhpWmX49W,TecnoCodePlus Podcast Suscribete Siguenos Apple Podcast Telegram,0.0,0.0
Empresas tecnol√≥gicas ‚Äòmerecen‚Äô un cuestionamiento https://t.co/0qwtpZZHMv #iOSMac #Apple #News https://t.co/wgPNbfTCLD,Empresas tecnol√≥gicas merecen cuestionamiento iOSMac Apple News,0.0,0.0
"ASISTENCIA 24/7 #WFH
REPARACI√ìN #PC #Mac
REMOTO/HOGAR/OFICINA
INSTANT #COMPUTER #REPAIR
üá™üá∏üá¨üáßTel: 692500286 #Madrid‚Ä¶ https://t.co/AwsvH6oZKN",ASISTENCIA 24 7 WFH REPARACI√ìN PC Mac REMOTO HOGAR OFICINA INSTANT COMPUTER REPAIR Tel  692500286 Madrid,-0.05,0.43333333333333335
"Apple Music agrega 2 estaciones de radio en vivo, una de ellas de country. https://t.co/4ls9kfUW5Z #country‚Ä¶ https://t.co/ekLy5jGOYp",Apple Music agrega 2 estaciones radio vivo  country  country,0.13636363636363635,0.5
Alguien tiene problemas con  #instagram en #iOS 14 beta 5? #Apple,Alguien problemas instagram iOS 14 beta 5  Apple,0.0,0.0
"@LaNapolesDF el lunes le toca oferta para #reparar, actualizar, o limpiar por dentro tu #laptop o #PC de la marca #Apple",lunes toca oferta reparar  actualizar  limpiar dentro laptop PC marca Apple,0.3666666666666667,0.7000000000000001
"#AirPods 3 llegar√°n con mejoras de dise√±o #Apple

https://t.co/v1tCu2cSrX",AirPods 3 llegar√°n mejoras dise√±o Apple,0.0,0.0
"iPhone 11 disponible en NEGRO y TURQUESA ( IMAGEN)
.
.
.
.
.
#iphone11 #apple #celularesnuevos #celularescarabobo‚Ä¶ https://t.co/HlKZDIRY4G",iPhone 11 disponible NEGRO TURQUESA  IMAGEN       iphone11 apple celularesnuevos celularescarabobo,0.11666666666666667,0.4166666666666667
Vecinos de @negociosdfmex tiene alguna computadora #Apple tenemos promo para repararla #Optimizala ya,Vecinos alguna computadora Apple promo repararla Optimizala,0.0,0.0
"Iphone Junin¬†
¬†üì≤|  Equipos Nuevos con 12 meses de garant√≠a #Apple. 
¬†üì≤| Equipos usados de Exposici√≥n
‚åöÔ∏è| Incorporam‚Ä¶ https://t.co/ys1vnBBNkl",Iphone Junin Equipos Nuevos 12 meses garant√≠a Apple  Equipos usados Exposici√≥n Incorporam,0.13636363636363635,0.45454545454545453
"REgaladme una play por favor que ya no puedo jugar al fortnite en mi dispositvo apple.
#FreeFortnite 
#PS4‚Ä¶ https://t.co/LO8CNcIATh",REgaladme play favor puedo jugar fortnite dispositvo apple  FreeFortnite PS4,0.0,0.0
Larevancha de #Apple https://t.co/ZdD22hv3fV,Larevancha Apple,0.0,0.0
C√≥mo personalizar los √≠conos de iOS 13 o iPadOS 13 sin jailbreak https://t.co/rRRF8fxwjy #iOSMac #Apple #News https://t.co/o88Hvtw38e,C√≥mo personalizar √≠conos iOS 13 iPadOS 13 jailbreak iOSMac Apple News,0.0,0.0
Los Conceptos de colores que presenta @thenorthsglobe del #iPhone12 est√°n geniales #Apple https://t.co/eFEftYZRoa,Conceptos colores presenta iPhone12 geniales Apple,0.35,0.65
"iPhone 12 costar√≠a entre los 700 y los 1399 d√≥laresüíµüíµüí∏üí∏

https://t.co/h7TKOMwogH

#apple #iphone12 #appleiphone12‚Ä¶ https://t.co/021Nb3b20u",iPhone 12 costar√≠a 700 1399 d√≥lares apple iphone12 appleiphone12,0.0,0.0
Mi port√°til #macbook pro tiene 10 a√±os. Creo que nunca un ordenador me hab√≠a durado tanto. Pero hoy me ha dicho que‚Ä¶ https://t.co/8zYJjH9A5F,port√°til macbook pro 10 a√±os  Creo nunca ordenador durado  hoy dicho,0.0,0.0
"ASISTENCIA 24/7 #WFH
REPARACI√ìN #PC #Mac
REMOTO/HOGAR/OFICINA
INSTANT #COMPUTER #REPAIR
üá™üá∏üá¨üáßTel: 692500286 #Madrid‚Ä¶ https://t.co/ZBa4aIzzyf",ASISTENCIA 24 7 WFH REPARACI√ìN PC Mac REMOTO HOGAR OFICINA INSTANT COMPUTER REPAIR Tel  692500286 Madrid,-0.05,0.43333333333333335
Macbook Pro - Price Comparison https://t.co/EfT6l73mQB #apple #macbook $aapl $amd $nvda $intc $ebay https://t.co/B6oxyNEBPq,Macbook Pro Price Comparison apple macbook aapl amd nvda intc ebay,0.0,0.0
.@eje_universidad les comentamos que el proximo lunes tocara cualquier PC de escritorio #Apple en promo para repararla, universidad comentamos proximo lunes tocara cualquier PC escritorio Apple promo repararla,0.0,0.0
"ASISTENCIA 24/7 #WFH
REPARACI√ìN #PC #Mac
REMOTO/HOGAR/OFICINA
INSTANT #COMPUTER #REPAIR
üá™üá∏üá¨üáßTel: 692500286 #Madrid‚Ä¶ https://t.co/wMn0dEpTC2",ASISTENCIA 24 7 WFH REPARACI√ìN PC Mac REMOTO HOGAR OFICINA INSTANT COMPUTER REPAIR Tel  692500286 Madrid,-0.05,0.43333333333333335
Una gran coalici√≥n buscar√° Epic Games para hacer frente a Apple https://t.co/ye3fDppl8s #Videojuegos #App #Apple #EpicGames #Fortnite,gran coalici√≥n buscar√° Epic Games hacer frente Apple Videojuegos App Apple EpicGames Fortnite,0.45,0.575
Trabajar en el propio iPad como pantalla principal y usar su propia funda-teclado bluetooth de @LogitechG_ES  como‚Ä¶ https://t.co/UfO71p6IGp,Trabajar propio iPad pantalla principal usar propia fundateclado bluetooth,0.6,1.0
"ASISTENCIA 24/7 #WFH
REPARACI√ìN #PC #Mac
REMOTO/HOGAR/OFICINA
INSTANT #COMPUTER #REPAIR
üá™üá∏üá¨üáßTel: 692500286 #Madrid‚Ä¶ https://t.co/vbKf8MNJlF",ASISTENCIA 24 7 WFH REPARACI√ìN PC Mac REMOTO HOGAR OFICINA INSTANT COMPUTER REPAIR Tel  692500286 Madrid,-0.05,0.43333333333333335
"ASISTENCIA 24/7 #WFH
REPARACI√ìN #PC #Mac
REMOTO/HOGAR/OFICINA
INSTANT #COMPUTER #REPAIR
üá™üá∏üá¨üáßTel: 692500286 #Madrid‚Ä¶ https://t.co/6EfxLQkYqM",ASISTENCIA 24 7 WFH REPARACI√ìN PC Mac REMOTO HOGAR OFICINA INSTANT COMPUTER REPAIR Tel  692500286 Madrid,-0.05,0.43333333333333335
"ASISTENCIA 24/7 #WFH
REPARACI√ìN #PC #Mac
REMOTO/HOGAR/OFICINA
INSTANT #COMPUTER #REPAIR
üá™üá∏üá¨üáßTel: 692500286 #Madrid‚Ä¶ https://t.co/8p0PjVmw4F",ASISTENCIA 24 7 WFH REPARACI√ìN PC Mac REMOTO HOGAR OFICINA INSTANT COMPUTER REPAIR Tel  692500286 Madrid,-0.05,0.43333333333333335
"Si quer√≠an un poco de perspectiva el d√≠a de hoy, aqu√≠ les va...  @TheHustle #Apple #2trillion

Le tom√≥ 42 a√±os a Ap‚Ä¶ https://t.co/jao6tEWtFN",Si quer√≠an perspectiva d√≠a hoy  aqu√≠ va  Apple 2trillion tom√≥ 42 a√±os Ap,0.0,0.0
